Job,Company,Location,Date Posted
Associate Dentist,Hulen Modern Dentistry,"Fort Worth, TX 76132 
(Overton South area)
+2 locations",2023-09-02 21:58:18.121885
General Dentist,Dentists of Eagle Mountain,"Fort Worth, TX 76179
+4 locations",2023-09-02 21:58:18.121885
Periodontist - Dallas TX,Complete Specialty Solutions,"Dallas, TX",2023-09-01 21:58:18.121885
Orthodontist - Dallas TX,Complete Specialty Solutions,"Dallas, TX",2023-09-01 21:58:18.121885
Oral and Maxillofacial Surgeon - Dallas TX,Complete Specialty Solutions,"Dallas, TX",2023-09-01 21:58:18.121885
PT Endodontist,Great Expressions Dental Centers,"Burleson, TX 76028
+1 location",2023-09-01 21:58:18.121885
General Dentist,Isla Dental,"Lewisville, TX 75067",2023-08-31 21:58:18.121885
"Endodontist- Fort Worth, TX Part-time",Aspen Dental,"Fort Worth, TX 76132 
(Overton South area)",2023-08-30 21:58:18.121885
General Dentist,DDSMatch South,"Dallas, TX 75201 
(Downtown area)",2023-09-01 21:58:18.121885
General Dentist Associate (FT/PT),"Emergency Dental Care USA, Inc","Dallas, TX
+2 locations",2023-08-31 21:58:18.121885
Dentist,MINT dentistry,"Dallas, TX 75211 
(Oak Cliff area)
+2 locations",2023-08-29 21:58:18.121885
Dentist (FT),MB2DentalSolution.,"Dallas, TX
+3 locations",2023-08-28 21:58:18.121885
Associate Dentist,Marvel dental,"Burleson, TX",2023-09-01 21:58:18.121885
General dentist,Edward B. Miller DDS,"Duncanville, TX 75116",2023-09-01 21:58:18.121885
General Dentist,United Dental Group,"Dallas, TX 75234
+1 location",2023-08-30 21:58:18.121885
Associate Dentist- East DALLAS!,Ideal Dental,"Dallas, TX",2023-08-29 21:58:18.121885
Part Time Dentist,Catholic Charities Fort Worth,"Fort Worth, TX 76115 
(Southside area)",2023-08-24 21:58:18.121885
Associate Dentist (FT),Pearl Smile Dental,"Fort Worth, TX",2023-08-26 21:58:18.121885
Dentist,Pinnacle Dental,"Plano, TX 75024",2023-08-31 21:58:18.121885
Periodontist/Implant Specialist,United Dental Group,"Dallas, TX 75234 
(Northwest Dallas area)",2023-08-30 21:58:18.121885
"Wonderful Full Time Pediatric Dentist Opportunity - Cedar Hill, TX",D4C Dental Brands,"Cedar Hill, TX 75104",2023-08-23 21:58:18.121885
Pediatric Dentist,Smile Ninja Dental,"Fort Worth, TX 76115 
(Southside area)
+1 location",2023-09-01 21:58:18.121885
Endodontist,Westphalia Holdings,"Dallas, TX",2023-08-23 21:58:18.121885
Endodontist,Essentials Endodontics,"Burleson, TX 76028",2023-08-25 21:58:18.121885
General Dentist,Perla Dental PC,"Dallas-Fort Worth, TX",2023-08-14 21:58:18.121885
FT Dentist with partnership opportunity!,Grapevine Dental,"Grapevine, TX",2023-08-29 21:58:18.121885
General Dentist - Full Time,Marvel Dental Burleson,"Burleson, TX 76028",2023-08-31 21:58:18.121885
"General Dentist: $200,000/yr. GUARANTEED!","Bear Creek Family Dentistry, 12 Locations in DFW","Dallas, TX 75207 
(Design District area)
+2 locations",2023-08-31 21:58:18.121885
Traveling General Dentist,Iowa Family Smiles,"Dallas, TX
+1 location",2023-08-15 21:58:18.121885
Associate Dentist - Part time /Full Time,5 star Dental,"Watauga, TX 76148",2023-08-30 21:58:18.121885
General Dentist,Brident Dental & Orthodontics,"Hurst, TX 76053",2023-08-18 21:58:18.121885
Orthodontist $400-$600k/year,"Bear Creek Family Dentistry, 12 Dallas-Ft. Worth...","Dallas-Fort Worth, TX",2023-08-31 21:58:18.121885
"General Dentist - Fort Worth, TX",Fort Worth Smile Studio,"Fort Worth, TX 76133 
(Wedgwood area)",2023-08-16 21:58:18.121885
General Dentist,Jefferson Dental and Orthodontics,"Carrollton, TX 75006
+4 locations",2023-09-01 21:58:18.121885
Oral Surgeon,Nuvia Dental Implant Centers,"Keller, TX 76248",2023-08-19 21:58:18.121885
Surgical Implant Dentist,Nuvia Dental Implant Centers,"Keller, TX 76248
+1 location",2023-08-15 21:58:18.121885
Associate Dentist,DENTAL DREAMS,"Dallas, TX 75228 
(Northeast Dallas area)",2023-08-15 21:58:18.121885
Orthodontist,Jefferson Dental and Orthodontics,"Fort Worth, TX
+3 locations",2023-08-16 21:58:18.121885
Dentist,Walmart,"Fort Worth, TX 76102
+19 locations",2023-08-10 21:58:18.121885
General dentist position w/ buy-in opportunity option available,Harwood Dental,"Hurst, TX 76054",2023-08-30 21:58:18.121885
Oral Surgeon,Mansfield Oral Surgery,"Mansfield, TX 76063",2023-08-23 21:58:18.121885
Dentist,Dental Care Alliance,"Grapevine, TX 76051",2023-08-04 21:58:18.121885
Associate Dentist,DDSMatch South,"Fort Worth, TX 76102",2023-08-29 21:58:18.121885
Licensed Orthodontist,Somos Dental & Orthodontics,"Dallas, TX 75244 
(North Dallas area)",2023-08-31 21:58:18.121885
General Dentist,Dental Dreams PA,"Dallas, TX",2023-09-01 21:58:18.121885
Dentist - FW,Kids Dental Brands,"Fort Worth, TX 76111 
(Northeast area)
+1 location",2023-08-05 21:58:18.121885
Associate Endodontist,Specialty1 Partners,"Dallas, TX",2023-08-04 21:58:18.121885
General Dentist,Kelley Family Dentistry,"Keller, TX 76244",2023-08-27 21:58:18.121885
Weekend Dentist Need in Kansas City. Fly Every weekend,Dental Care Olathe,"Dallas, TX",2023-09-01 21:58:18.121885
RHRP - Dentist,DOCS Health,"Mesquite, TX
+6 locations",2023-08-04 21:58:18.121885
Part Time Dentist for Private Dental practice,"Dr Sandi Hamm, Cosmetic and Comprehensive...","Mansfield, TX 76063",2023-08-23 21:58:18.121885
General Dentist,Smile Makeover,"Arlington, TX 76012 
(West area)",2023-08-30 21:58:18.121885
Dentist,Smile Brands,"Arlington, TX 76011 
(East area)",2023-08-04 21:58:18.121885
Endodontist,Love Your Smile Dentistry,"Irving, TX 75063 
(Freeport/Hackberry area)",2023-08-28 21:58:18.121885
Periodontist,Smile Brands,"Mesquite, TX 75150",2023-08-04 21:58:18.121885
General Dentist,Perla Dental,"Bedford, TX 76021
+1 location",2023-09-01 21:58:18.121885
Travelling Endodontist - Dallas TX,Complete Specialty Solutions,"Dallas, TX",2023-09-01 21:58:18.121885
PRN Orthodontist - DFW Children's Dental Network,Specialty Dental Brands-TX,"Dallas, TX 75248 
(Far North area)",2023-08-04 21:58:18.121885
Postdoctoral Research Associate,Texas A&M University Health Science Center,"Dallas, TX",2023-08-04 21:58:18.121885
Full-time Associate Implant and Cosmetic Dentist,Dental Implant Group,"Lewisville, TX 75057",2023-08-21 21:58:18.121885
Associate General Dentist,IDTC Dental Clinic,"Grand Prairie, TX 75051",2023-08-31 21:58:18.121885
Dental Care of Texas Roanoke - General Dentist - PT,North American Dental Group,"Roanoke, TX 76262",2023-08-04 21:58:18.121885
General Dentist | Mobile Dental Clinic (W TX),ExcelHealth Group LLC,"Dallas, TX",2023-09-01 21:58:18.121885
Oral Surgeon,MINT dentistry,"Dallas, TX 75220 
(Northwest Dallas area)",2023-09-01 21:58:18.121885
Pediatric Dentist Opportunity (Part Time),Cook Children's Health Care System,"Fort Worth, TX",2023-08-04 21:58:18.122400
General Dentist (Oct/Nov Start),Las Colinas Dental Opportunity,"Irving, TX 75062 
(Las Colinas Urban Center area)
+1 location",2023-09-01 21:58:18.122400
Associate Dentist,Weekend Dentistry of North Alliance,"Fort Worth, TX 76177",2023-08-27 21:58:18.122400
General Dentist,The Grand Prairie Dentist,"Grand Prairie, TX 75052",2023-08-31 21:58:18.122400
Pediatric Dentist with Partnership Opportunity,Dallas Pediatric Practice,"Dallas, TX",2023-08-04 21:58:18.122400
Orthodontist,Mint Orthodontics,"Fort Worth, TX 76119 
(Carver Heights East area)",2023-09-01 21:58:18.122400
General Dentist,Emmanuel Dental P.A,"Richardson, TX 75081",2023-09-01 21:58:18.122400
General Dentist,Bliss Dental,"Euless, TX 76040",2023-08-31 21:58:18.122400
Associate Dentist,Burleson Dental,"Burleson, TX 76028",2023-08-25 21:58:18.122400
Associate General Dentist,1st Dental & Orthodontics,"Fort Worth, TX 76123 
(Wedgwood area)",2023-09-02 21:58:18.122400
Oral Surgeon - Doctor Owner,Wisdom Teeth Guys,"Dallas, TX
+1 location",2023-08-04 21:58:18.122400
